x1,x2,x3,y
0.1259908848437807,-1.0,0.4833554999210268,0.6144845689799999
1.0,0.3544011280187107,-1.0,11.238013111400573
1.0,-0.4540961040807807,1.0,5.310579702480673
0.4316315096002547,-1.0,-1.0,-20.82717584454356
0.4455613914804217,-0.1183094042467172,0.9039120692916124,-0.7459750254670916
-1.0,-0.1400913037128279,1.0,4.020692958593388
-0.1884849269248401,0.0244079803033263,-1.0,-2.767855220417786
0.3362150209522438,0.5671499745091904,-0.114058768008644,1.058433334154918
1.0,-1.0,-1.0,-29.5741266837018
-0.4141211028705411,1.0,0.766425904682585,8.83490474709519
0.6766101529932829,-1.0,-0.7577349976032779,-10.597974102123324
-0.5977493751981409,-1.0,-0.5112777971073368,2.0576051962695825
-0.9242303211705104,-0.7942551881914628,-0.3861472604969591,3.580914101084495
-0.5256684940941012,-1.0,-0.2836756459081051,3.565545967184642
-0.1256370055183573,0.561646947007088,0.3081858737574519,0.24200513068910545
1.0,0.6468653509012652,1.0,24.379157241713827
-0.2719824852118055,-0.8268014947468441,0.7817710644648734,0.09024310068205421
-1.0,-0.3202643318282676,0.9899256265686992,5.422126619610184
0.1202026756447647,0.0475349922994439,1.0,-0.26007859566357605
0.6591523628086073,0.9486797374244798,0.9820844205942952,10.102603123894884
-0.7168295097787369,0.3415631282487317,-0.8150837864946978,-0.06534410352134978
-1.0,0.5923015817554429,-0.7989912749172638,7.877567984326486
0.5882828920128385,-0.9864148000237468,-0.8065634255597711,-10.093084514192803
-0.5409497103457319,0.2811655165110731,-0.2770754690874781,-1.2379912903253318
-0.7263591060260639,-1.0,0.4715884314250911,5.621675082942346
-1.0,-0.0345225300647595,0.0605565270723786,-4.399593560794321
-1.0,-1.0,0.4079325773182809,11.614338949199494
0.2271119221797564,-0.9815857442732664,1.0,-6.40221585990354
-0.4036132247431663,-0.0478737743655952,-0.8295867937857222,-0.3561799550170057
0.0867835220168555,-1.0,-0.1402249032939753,2.2313511576728366
-0.3350759969861809,-0.875316938110974,0.876706145467077,-0.5793174248588229
1.0,-1.0,0.3617917830033663,-7.027412792557987
-0.2511749165735493,0.2862101674814192,-0.0892864989366153,-0.28657522599421414
1.0,0.2786009755860845,-1.0,10.676614997308462
-0.99454309668821,-0.0562889350753004,-0.1468990512451153,-3.9187792214067234
-0.3238868312854592,1.0,-0.1337121211083343,7.286793785593227
0.8678187269809332,-0.4949252709016547,-0.4956314111113622,2.4950637874126054
0.9163787983496294,0.0509156486749791,0.0238843297419086,3.6914849950535613
0.127218546797226,-0.0039333151648992,0.5911554487876978,0.34240096944577814
0.5994067048171754,-0.4591695444852894,0.7778320132017416,-0.10209146468046026
-0.1708585638716406,0.216499791855357,0.7207599357316252,0.2019483617093063
-0.0502813890634001,0.1997287624939114,0.7910097373840879,0.3690925787826254
0.0128232460453876,-0.932362094137262,0.6916115389261885,-0.2976417404311783
1.0,-0.2410365721360365,-1.0,5.7137459688478955
0.6893439437538802,-1.0,0.0288298926942651,-2.008327972177139
-1.0,-1.0,1.0,21.581099305678354
-0.5180886731081307,0.1243876434576516,1.0,1.835053474491123
0.8643366167769175,-0.9499533351419684,1.0,-5.711932675552513
-0.3047791033373368,-0.6008194876919506,0.0331359702362008,1.1343557437580207
0.0587062936223856,-0.0725001999557066,-0.2928017364839312,1.000820574850084
-0.8048618105292866,0.0606825900321761,-0.2546847278285757,-1.551206410104887
0.0683246605840517,0.4430118200857664,0.0522676961691095,0.5151390521664492
-0.8347469704137676,0.2776994055127604,-0.5432580419025417,-1.1402609972282767
0.6268672212737496,-0.0347343054231712,1.0,0.03076245980501413
-0.7756368220553536,-0.764888171104688,1.0,5.983503262379534
0.3908859933380821,0.1885642399483857,-1.0,-2.582677447191117
-0.4021853126996459,-0.0434812420181991,1.0,0.8869045164881396
0.993058639012304,-0.839240545167903,-0.3737789735571668,-0.05734342183004704
-0.0835319549683542,-0.7514975596732636,-0.1138628632719747,1.8598844394919185
0.5434615775388016,-1.0,0.1876850309918956,-0.36257694041220545
0.1418408557332882,0.9659165376394128,0.2321501700609058,6.121641692339381
-0.9692258599925898,-0.579773667002573,-0.0399055797062313,-0.03113345290783487
0.2274828923055163,0.1105465783367023,0.1232159679115358,0.8937927456546865
1.0,0.6851208781886267,0.0726313823772726,7.899273052972768
-0.1197390726542602,-0.0229715057794754,1.0,0.05626035853938727
0.2171553622647635,0.6671206204343041,0.7080698373566465,2.2402161349890397
-0.443830232062099,-0.306380389970919,0.3582767279156855,0.024083383637584332
-0.2416634555768579,0.381472809212189,-0.357639027530273,-0.35891292867289093
-0.3763933853548213,-1.0,-1.0,-13.729547480871652
-0.0813520130052911,-0.0617060047742623,0.1650656177762579,0.4011125514075536
-0.281625736433778,0.9858958209334964,-0.2266103709495794,6.765466411740173
0.0668377499298544,0.409909159278685,-1.0,-3.307372010965319
-0.4739103379195677,1.0,-0.1628919788137302,6.269247258476007
0.0377878023653397,0.0999929474779388,0.3760978783085034,0.4002024010700783
0.9402742876487336,0.5461278916044305,0.0941868693073471,5.544964292521815
-0.3349941859027987,0.7644312589740814,-0.2518388929069688,0.05976013347186426
-0.6564181440354115,0.5907114053062097,-0.2662965421927736,-2.233276563620125
-0.254203617860343,0.6141930251934149,1.0,5.5964703152627
0.5076089905632606,-0.5476427747504529,-1.0,-7.158928871118881
-0.5058223205533559,-0.7119361218633504,-0.26341310672148,1.9715774300107798
-0.2558096908877927,-0.1699673687849492,-0.8422631367120208,-0.5535531524987813
0.2934966458753381,0.0095082625327289,0.4562471421002461,0.6969570581828101
-0.4200542983677671,1.0,-0.9038748774824524,3.425711954603711
0.8121203362019693,-0.6598240720014577,1.0,-1.8600547554924511
-0.4165214666870802,-0.7120138189435157,0.538169470718808,1.0662210926223252
0.7857766918186753,-0.3231275073032547,-0.1766088573715003,1.961392309413577
-0.6314672737827536,0.2661164422575717,-0.118687615332012,-1.6713719986602515
0.9234485208992842,-0.5253812038921328,0.2880619963281197,2.551643086455142
0.8299630013744859,0.3175158541790936,0.2145777588220156,3.3997865574184734
-0.0397374723878596,-0.2202702724465528,0.3802054956359555,0.3966684502082781
-0.4434993426608402,-0.0068324724496005,0.3139994264384624,-0.5400563738032036
-0.4469375465390439,-0.5394294494169665,0.8420583897901945,0.5484046277791088
0.3034897397726916,1.0,-0.1559184194269631,8.934899829703713
0.9159208628138836,-0.8658324680910752,0.2845143019294585,-0.8164786001024122
-0.2920871089995021,1.0,0.0625365415406691,7.222848956022574
-0.8304260682939386,-0.2367941987101849,-1.0,4.337371811076361
0.3678757683112155,-1.0,-0.1231336295300675,0.9455785888885202
0.7493450796279495,-0.2655261254258609,1.0,-0.010697580628755032
-0.1441030314370386,-0.0119543047390084,0.5238464012451987,0.06402994890642344
0.7840281330284458,0.3122815782231549,-1.0,0.9969867809387679
0.9749524728241205,-1.0,0.3733378512603942,-6.4071794740396495
0.2808506551452607,0.6490809225663619,-0.9204625896726886,-1.4366248556723757
0.7546241431102798,-0.3500644682566709,-0.1652079936888351,1.796989077421575
0.6759799703947931,0.7757355754744826,-0.64164329474914,2.6536978557400897
-0.36436826749099,1.0,-0.1834934453586769,7.077541834926771
-0.6928103216929422,-0.0564352722631589,0.9326943119764306,1.3046479438606973
0.3705812069110075,-0.1764321390347165,-0.0072323810688106,1.2704010726805361
-1.0,-1.0,-0.4705779627638351,5.6537849046244535
0.7486967106423046,1.0,-0.5013563001444206,12.51732333905313
-1.0,0.6744414241480017,-1.0,19.50447893121889
-0.8718580731107415,-1.0,-0.996820642461347,-0.8615185896655948
0.4884842298851133,0.1843556759433935,0.1987768703028576,1.2430746815615297
-1.0,-0.6000469210229518,1.0,10.658692449622945
-0.7013801606394001,-0.4835635269245693,-0.5026832635116683,1.3255556922312652
-1.0,0.6402172928294125,-0.7430147439863684,6.695479781724329
-1.0,0.6857687050911012,1.0,8.17653232485334
1.0,-0.113640146265048,-1.0,7.256127206486717
0.2272716677580948,0.4750997606216074,0.9931770445761654,2.8205471445626027
0.4168208717066017,-0.5863010852633488,0.0175755046726171,1.2132977554893467
0.4908823530816384,-1.0,0.2218565724917636,0.004225841855037271
-0.0905550770078722,0.3406049967655076,-0.5257748062610312,0.07626811506481612
-1.0,-0.8108710008092204,-0.7785865946249271,2.7947175107106546
-0.8022815282176445,0.6119198508857342,-1.0,4.2688149043791785
0.2285682719066859,1.0,-0.3143117383737543,9.6686470723608
0.0313392427410705,1.0,-0.7015555579001156,9.666676561140958
-0.4606611611835467,-0.3992588021835659,-0.4074687712522267,0.8551735770346258
0.160427864823339,-0.7390523115582877,0.1565208787844558,1.3073520117937303
-0.0843815527837823,-1.0,0.0114372898155625,2.886731846391727
0.2067559714376621,1.0,0.7589527737343087,8.89655827833729
0.9299412754461908,-0.8766471180515139,0.2176951922970864,-1.1960909929634924
-0.3901282822190739,1.0,0.6861739724562756,8.031672851381831
-1.0,-0.8627163242846458,0.3639603864193483,6.914219982993654
-1.0,1.0,0.2395860576522759,4.9148834051567665
0.9974855279169056,-0.8769502681059798,-0.9746852382884236,-11.795676628530181
0.929658341496592,-0.2826810627136327,-1.0,1.4612788963147354
0.9172027729853168,-0.5095199980626293,0.5287086176100046,3.0985212526420325
-0.9390088596222776,-0.5152699210361189,1.0,7.706995203122565
-0.4683555148010454,-0.6788345937264106,0.0230497679028607,1.5567845629740664
-0.5714425945081543,-1.0,0.8677407781819138,0.4492027727134062
-0.8025849063228796,0.8096942090461028,-0.0690226644048142,-1.3187787634223362
0.667545096220258,-0.3510748102845791,0.0195178904926256,1.4865778330047763
-0.1767197669847111,0.0690300271249793,0.6759646793565446,0.013884795825275686
0.9600439950649832,-1.0,-0.3216976348909948,-8.512033438720353
-0.7198674885257617,-0.3399055083556024,-0.4277373606165666,0.6903234524845091
-0.457044133728568,-0.558501286794195,0.5235334594237113,0.6229805809236196
-0.2796930687060621,-0.6894310903173588,0.9593621466550322,-0.6128140480046631
-1.0,-1.0,-0.1280883198163018,7.169104479672672
-0.2852890685881284,-1.0,-1.0,-14.795739259529956
0.6188748820467691,-0.4027701455219283,-0.4821034642303372,1.511850395073386
-0.0076147678404911,-0.2429262635759033,0.3435161681825882,0.4816169575208197
0.5329640273439735,-0.3695943039085132,0.2712859131813432,1.0473151785624513
0.0564203275707599,0.0676030567502992,-0.2063086143119183,0.8218514953965849
-1.0,0.5172794917957475,-0.3641379324133618,-0.6102984082391241
0.2853092594140169,1.0,0.5348520681925093,7.755095160084366
-1.0,-0.2880286850313036,-0.3521745038575612,-2.6674942836443956
-1.0,0.5170574092312203,-0.6412399692545936,2.9241659958329036
0.0795227071541264,-1.0,-0.4092085050069041,0.769724498021413
-1.0,0.2652131524557077,0.2721937161663486,-4.6839461694748845
0.165167495690951,0.1131627749487309,0.2237131909004994,0.7150711129054849
0.9804454477114756,0.4175477869991897,1.0,19.229326434829034
-1.0,0.7194902165958685,-0.216705425629005,0.9238098605344146
0.3400252162547377,0.5415728070692987,-0.4498548393810668,0.9165221167517635
-1.0,-0.1421958491179258,0.3459754399804704,-3.670034467332219
-1.0,-0.7629380980193567,0.6456791090420764,7.016673496498987
0.3003785416699185,-0.182950594010159,0.3514561081891114,0.8072371571512007
0.179641820746335,0.5421587009209179,-0.3337852050158465,0.7704789643662423
-0.0920013837631876,-1.0,-1.0,-16.449258410846475
0.3245830749288885,0.0270744672703855,0.122319443146911,1.0689934542567976
-0.1797679455023837,0.150530059077661,-1.0,-2.7632941885817366
-0.3534765759760516,0.803414733653415,-0.2789045009623485,0.4197939514545428
-0.8103702832230786,0.8681516033576326,-0.1589758522715894,-0.06465004170060085
-1.0,-0.2970683565688414,0.2472604859688558,-3.0475094586554032
-1.0,1.0,0.2937212807929537,4.198618679049016
0.4019012439437521,-0.89688483227471,-0.7055856373892742,-2.330349982445762
-0.8098415179837455,0.4791427288866126,0.4546118733067195,-3.062803732596726
-0.6577096357502126,0.9855492287102487,0.8411701382737602,7.747861020842723
0.9140571502741466,-0.8402997860876744,0.134825918165647,-0.4156872796598181
1.0,-0.0953783420751244,-0.8830139040325149,7.7202207349935215
-0.622143838435157,-0.2335190389342538,0.0926479959362847,-0.31433935603034735
0.4329865675744251,-0.1705268102374848,1.0,-1.8881735895894214
1.0,-0.8560471606372198,0.0268047212414042,-0.9674447958462771
-0.3407751843112689,1.0,-0.2406322783956622,7.277947202014866
-0.8597233937416264,0.954713170274399,0.2043597533321204,1.4501534238251272
0.8779188852682844,-1.0,0.3895483712303476,-4.439366264811651
0.1008395481530382,1.0,-0.6317660381437504,10.197983377263524
-0.206075766216687,0.2499643656097576,0.9030337753392949,0.9012169122062749
-1.0,0.6056502480458854,0.888809762057442,0.6568309831971535
-1.0,0.7067048057311842,0.0388511887655602,-1.1659300816226346
0.7632695383609267,1.0,0.57298327355971,8.521850297148212
1.0,0.365973643450638,0.479930510572969,8.788108022758582
0.9519797170037736,-0.9771049877800472,1.0,-7.239012772991799
-0.8510909655838297,-0.478019896400089,-0.6760793753248706,1.6092613095272044
0.9190993764853486,-1.0,-0.0500861599056208,-6.331105130512926
1.0,-1.0,0.6774092946038799,-6.125857535301547
-0.6105488480703145,0.4714677496372228,-1.0,-0.5386294305086139
-0.1290606346897098,0.4797192616338979,0.948853476708797,2.835175451617228
-0.0222400509779829,1.0,1.0,13.085840759261394
-0.4055885104854038,-0.1867685213186178,-0.196548825517306,0.2657421070339749
-0.1791029029753219,-0.518116020827492,0.6504465709872305,0.21088585972076068
0.5356717597840779,-0.5559739907837451,0.4873277328471628,0.560020469771317
0.8446368833882327,-1.0,-1.0,-28.1929178742771
0.0397406419846999,-1.0,-0.8311973611568821,-8.223112924925761
-0.6746117583053908,-0.8009594878118416,-0.6095770055472558,1.9012782714618146
-0.2837384632354252,-0.0103276466675461,0.2442153394167108,-0.13901402599581159
0.896594138476488,-0.6781299809956289,-0.6408033988152226,1.7775887548111662
0.552850468616783,-0.3637137905365095,-0.5989657582441867,1.3136059233444055
0.7816421356675793,-1.0,1.0,-7.155984217484535
-0.2217476295493559,-0.2918764024388358,-0.2502234784007096,0.7923391017751705
-0.2574253724163029,-0.7377764984100104,-0.828441501886424,-2.49145958221795
-1.0,-0.3344756542774247,-1.0,6.810035861589382
-1.0,0.7773395017622522,0.1670312175062309,-0.929411490293848
1.0,1.0,0.4091415947152024,13.88508508370843
0.243214616571942,-0.2051811870100175,1.0,-1.777394795692083
-0.402599120448609,1.0,0.1362821074044296,6.546212450944326
1.0,-0.7778384688779267,0.2420203077594391,0.8058521002950375
0.1471695329188727,-0.0665576780097536,-0.1987160931844711,1.100838696830642
-0.1246363327970188,0.6497606289915101,1.0,5.734732386517246
1.0,-1.0,-0.0410692620031545,-8.103846168192348
0.2103451795562174,1.0,0.8812675986316476,9.80632921658355
0.4692190516128149,-0.8666526820021114,-0.8966635181240401,-7.383532532418297
1.0,-0.908578793597576,-0.540602169291535,-3.4701464879891204
-0.3041182747732063,-0.0637352810631359,-0.1199133379351979,0.1497097336722361
-1.0,1.0,-1.0,21.190087016359616
-0.3548485502536544,0.1448612792499248,-1.0,-2.114295212096892
1.0,-1.0,0.2719983044653455,-7.293342322318944
1.0,0.3298454039275924,-0.0477908809060587,5.572857285537619
0.0580690620579227,0.2445930240072082,-1.0,-2.9994749045229443
-0.2913220008193231,1.0,0.1228723655105692,7.171166977844514
0.3357081187269208,-1.0,-0.0497042229051962,1.2292780975670108
-0.8527523451763273,0.5918361081357126,0.9545297119051814,3.8849984276197436
-1.0,1.0,1.0,17.03316604321207
0.262714299439853,-0.2031282439115009,-0.1129985778848883,1.264923423475849
-0.8089586152558332,0.2843178975818594,-0.7324885276903983,0.1704566382983922
-0.9042053709631392,0.0212416747313233,-0.4743876910332585,-1.2329932394231298
-0.404110941583957,-1.0,0.4362733048943292,2.7480601994274942
-0.1549412359336488,-0.3478820727000487,0.8323795548579882,-0.20553486957613099
-0.6690209996238601,-0.2816450558496568,-0.0490887552217382,-0.09669604075968252
1.0,0.3955114014075132,-0.2549670342465588,5.032346257996384
0.6622880777641535,0.8305881668485906,-0.2028217419868059,3.2359484857818352
-0.8247877340262266,-1.0,1.0,7.778716957070547
1.0,0.994281047114746,-1.0,37.6694051698911
0.1383348098060428,0.7250384361694728,0.2697241001136266,1.4079567965698954
-0.2281493303206958,0.4891055497419507,1.0,3.9581828208876604
-0.0822245009159585,0.1193311809667916,-1.0,-2.91042735190525
0.7420158826498455,0.9648132442864076,0.330486228458166,6.47408600304483
-0.5551517476301675,0.7801435023486614,-0.2500060692786885,-0.9768529945277076
-0.9733851596661948,0.428948053090995,0.6029420896182658,-4.086959786904689
-0.1530321354537496,1.0,-0.8371762781580656,7.140999172332737
-1.0,-0.7628971182038284,0.3058504634140488,3.8312549603400607
-0.7190746346570036,0.392283779758027,1.0,3.892885170983237
-0.5152945087212761,-0.8960752594584753,0.15188892326837,3.1899817788725224
-0.2328224190594117,0.0886540146193624,-0.2264265779590197,0.12738114677135348
-0.1681312615835262,-0.9873214325961346,-0.7463511621658239,-4.406268099703553
-1.0,1.0,0.6769478937186657,1.5164673737063425
-0.19523114351026,-0.0264580120415227,-0.1599791779039661,0.36639671350440217
0.4009971800904059,-1.0,-0.8459705327652858,-10.648751507598845
-0.2283724552553419,-0.2851081467323781,-1.0,-3.5333791464822952
0.8135822617277408,0.9127287398689976,1.0,14.366029264113463
0.2254457645276553,-1.0,0.2147006401121121,1.4246680646773573
0.0885845696046756,0.8056640810141571,-0.6993677776996359,1.712442537687541
1.0,-1.0,0.8955273153554559,-7.105942310175124
-0.044657301227809,-1.0,-1.0,-16.783752776841908
0.3591644646781453,1.0,-1.0,5.598524353276339
0.5362159404028635,1.0,0.1639531382572945,7.403477958825874
-0.2798005043301765,1.0,-1.0,2.278653858676832
0.8459190742219767,-0.4610719158953986,-1.0,-3.6749174642751865
-0.3646238571753091,0.2821906911409602,-0.0705496390289805,-0.6802183042657357
-0.0249043685326231,-0.2857400208374336,0.6429818625469559,0.12539936997466272
0.1037259941227921,-0.7667551798622874,-0.3539808377788203,1.743965775888902
0.2485874247351467,-0.5840558883813078,0.1923452370881053,0.9682759672836103
0.2907721328694101,1.0,0.2375780262746867,7.582538128843957
0.2850267913491449,1.0,0.2668049466679647,7.555989168676577
-0.7312810173853985,1.0,0.273274083722554,3.5531582048075516
-0.9136058788242464,0.5470719875570442,-0.0499669350595521,-2.8798159077624725
-1.0,-0.9914861821437,-0.4650310315502932,5.591764171993546
0.7962022907419974,1.0,0.1474399107177955,8.582297079658204
-0.3440385294538188,1.0,0.0855686161964006,6.934680949960347
-1.0,0.6886522478858754,0.8060002290546886,-1.099867682202712
0.4874452125144082,-0.4943282849293227,-0.2551963065845968,1.4612703215717477
-0.7533446050336219,0.5852178933005199,0.9635522853656312,4.370298168566799
0.1852237097895792,-0.2927446289811828,0.5211383451570208,0.42966610770544367
0.4447938888115983,0.3217848532726544,1.0,1.7130262237512233
-0.0665026334904719,1.0,0.8290926299684231,10.258721848095455
1.0,0.8694454530180722,-0.2505366397502455,9.8971489277737
-1.0,-0.1509425570440352,0.0426535083762913,-4.071032132420891
-0.6262049259705917,-0.2462235296801305,0.9433059718061914,1.373747975445893
0.0213410009719299,0.0903996208976971,-0.4044084886228927,0.753946280496616
-0.1534220810861697,0.348521213713246,0.6081824456704896,0.2512950200498528
0.7536573007182612,-0.664562993164804,-0.2408051488738465,1.3105381533624954
0.7011822617425085,0.0412306737720795,0.3850099020483617,2.0248281437563387
-0.2935857036034115,0.0254261002842082,-0.9551556153810234,-1.6387770457384088
0.3051817040612188,1.0,0.7457176742570248,8.517353519151753
-1.0,-0.3482689087606132,-0.2908600131276242,-2.556410011674614
0.2826725474956819,-0.490717102317912,1.0,-2.9404627608579617
1.0,0.5668981990372233,-0.4660972567574055,5.419171992984108
1.0,-0.0366626981139763,-0.8621006169173553,7.787710023502013
-1.0,-0.1163120076123014,0.2674923180184336,-3.980836487587515
1.0,0.9016584056037832,1.0,25.898854083342563
0.9545516393565056,0.9592934930463336,-0.2418027197119638,11.812840545576035
-0.364070785673428,0.4724547271195052,-1.0,-2.9773200527151795
-0.4709250287508473,0.8208368855956862,1.0,9.988781512116416
-0.2547044184645042,0.096816348292835,0.0514487473316762,-0.10915949680078296
0.2028006015279879,0.6422385716973451,-0.6843373976460454,0.5473883633030501
1.0,-0.3516707176358826,1.0,6.841491136104478
0.329035617815169,-0.5369421592056927,0.003966369094539,1.2342540147640249
1.0,0.6534814188316145,0.7886622857808849,15.862788246586987
1.0,0.8973234868554449,-1.0,26.466973333971662
0.6097465704460534,-0.0215740702788311,-0.107905088724441,1.5975827284805755
-1.0,-1.0,0.0722738913622824,8.431900033191777
-0.2127724127530956,0.1632992488820828,-1.0,-2.693779847327746
0.6699660824320368,0.4961453456706906,-1.0,-1.090371561771533
0.252437262917659,0.181497443243513,0.8474552666549613,0.34312860917245336
-0.5357263133427448,-0.1543015114209329,-0.4017136353453414,0.17192856868836337
-0.3503390161678297,0.7125865956347963,-0.668067125400513,-1.1279714942264847
0.0170773709415135,-0.4114810996932954,-0.2634870991759843,1.235965476638452
1.0,-0.2348367345157462,0.910752255831351,8.18492024092714
-0.235415811461856,-0.7619850010734992,1.0,-1.575228541436728
0.2786054376250604,-0.1720325721676803,0.38278466231826,0.7457988871389487
0.2727844659051253,-0.5469353980516503,0.1142805787607272,1.07439436337466
0.8531832388833955,-0.5819491487718635,0.1676199358567014,1.634431220544604
1.0,1.0,0.0981197445143684,13.849130711376993
-0.6841406246682602,-0.4276675596591408,-1.0,0.33992468258016956
-0.7836105602524501,0.5200742788741111,-1.0,3.889195332006827
-0.437269353115721,0.7075508684269123,-1.0,-3.558226769886469
-0.2702679949112812,0.6929900261764272,-0.0448516767193416,-0.07638272643158794
1.0,-0.4211654282110262,1.0,5.798674195769319
0.1717841151492209,-0.5256595923631924,0.2118394060347208,0.8935382023313448
-0.271598966156191,-1.0,0.37432868912129,2.4926521534289856
-0.3502168877201543,-0.1980729806746977,-0.0437310810173965,0.2356244744976575
-1.0,-0.2105309921949902,0.0820630454462463,-3.814761956094786
0.2672074147861836,-0.2243728623037422,-0.7863004907467741,0.3178925268654395
0.3330262583535537,0.2779105543620757,-0.1905612609106235,1.092456235215478
0.158587144942657,0.1209293184273423,-0.1765504131798874,0.9517997623068633
-1.0,0.2741546975560989,0.3522922899525456,-4.701221823218084
0.5424448253629464,1.0,0.0486870878516068,7.824401391541645
0.2696421902105097,0.520329620079419,-0.1328776405697227,0.9340013923123331
-0.0610090145705075,-1.0,0.1133035151699757,2.6870794034663033
0.2033820626063316,-0.1521729703539043,-1.0,-3.722420659541864
0.1059301929807408,-0.1160280105147915,-1.0,-3.5189714744864955
0.5285394047609133,1.0,0.0435123976432045,7.849432185282138
-0.2720109414596292,0.4686130660162826,-1.0,-3.2954082867566985
-0.9910618982065976,-0.6697039343673485,-0.0825047901547839,0.8133650556590961
-0.6631961830877664,-1.0,0.5948180786830697,4.244372917835827
-0.5668787598221461,1.0,0.8686449632413711,9.982187726048975
-0.6374879191889569,0.6345966017780746,-0.5363411932581481,-2.148776754282174
0.1366198542597239,0.3567957605081928,0.890905246214404,1.2335040678766822
0.4581947572935274,1.0,-0.7768672490942707,11.497813011075415
0.0542740862179946,1.0,-0.0868548250808911,8.50225703813942
-1.0,1.0,-0.7726219481219945,14.04722261368254
0.1437745003124877,1.0,-1.0,4.411115296364782
-0.694301116312998,1.0,-0.9759727913577604,1.4699296177202474
0.7832465798572488,0.4910656323030977,0.7248025317168378,5.179108061905705
0.272065336837606,0.2248139860005122,1.0,0.6573066702041062
-0.5042581758413263,0.8655923979235571,-1.0,-2.7891488880957027
-0.1325676103072754,0.4369417520975978,0.0208047497178647,-0.02390288063821655
-1.0,-0.3241543450801627,-0.0536970192450003,-3.1736623834429425
0.622139860602571,1.0,0.7690550300168626,8.521353071507637
0.87665632890563,0.6285426010235886,-0.1807472231186333,3.5093921443443814
0.0690002550510162,0.0015686527763782,0.1752218054153353,0.6352198365294258
0.4144470625240983,1.0,-1.0,6.0758116786656196
0.1776099457419448,-0.534771738202626,0.2381861680653521,0.8579791194524213
1.0,1.0,-0.2167893585544464,15.869103285122064
0.1749512274694378,-0.0658542053097352,-0.0855083019341105,1.0701554172786054
0.3432413360619752,-0.2712606288271486,0.4621377417049248,0.6541622972608118
-0.2250192859820872,-1.0,-0.4866153086253979,0.6808496494609194
-0.2742775001037909,0.2916261644409847,0.7042531048984999,0.1288134843356099
-0.2842917926504753,0.0856294902621908,-1.0,-2.420386875093225
-0.0648870763534397,0.9146595674191638,1.0,10.50751678699765
0.3012287936502831,-0.0035960804869585,0.1445173549498344,1.0265606854558447
-0.7319577062729525,1.0,-0.5161872902354772,3.977441179123106
0.7632666898849538,1.0,0.8589689375231007,11.069940502752354
0.1881010537388716,0.3943138391813467,-0.8098949637702677,-0.1086014123929101
-0.467200836322883,-0.224513595699233,-0.3954656479532372,0.43024691571750484
-0.8226436033364783,-0.3152465569460798,-0.0267876596399159,-0.5431224324910346
-0.6901674097210224,-0.5261574235209547,-1.0,-0.19383747165620013
0.3272655310420533,0.5342652579388898,-1.0,-3.2775426613432486
0.3792084843970313,-1.0,1.0,-6.888218549602003
1.0,-0.6396338280483953,-1.0,-1.5426938620905237
-0.4437989156858026,-0.912072619423244,0.4808337096657094,2.289885616609806
-0.2190689365683984,-0.304127121022687,-0.511845366795743,0.7703240307555526
0.3607291060820989,-0.4481188876198294,0.1877877868338324,0.9744326128927863
1.0,0.1812852606706549,-0.2331195653559954,4.686195115665361
0.3043222082709185,0.1106890794265549,1.0,-0.19055043197909338
0.4711264625610794,0.2574181777255397,-0.1610752717158272,1.2632761292064136
0.140907540551485,-0.9415720311419348,0.2417617295922376,1.6592181386941902
0.4797877460768964,0.3224711624263285,0.9989746042019448,1.884615324756923
-0.5202309980998485,0.8452660437021338,0.388115653771603,0.7322124351712566
0.5568692286563088,0.3523492286399596,1.0,2.7915880111800995
-0.2590442495543577,1.0,-1.0,2.4119692986507024
-0.6003369519580108,-0.0789553165906506,0.4243652085042932,-0.6994080980156683
0.3875892722398855,0.1519902663192025,-0.3609374740179574,1.2402988690149348
0.833405938038861,-0.4154870171006701,0.6662313102034401,2.512106343023435
1.0,1.0,0.9196892435261692,22.39425952392399
0.5099836422675523,1.0,1.0,10.30338740830208
-0.4155446069117148,-0.3089406372675638,0.204251318009373,0.127839013669505
0.7096346434046765,1.0,-0.4155121785672622,11.32975048637643
1.0,-0.145850994533196,-0.7890427336244847,6.979054172701778
-0.5099461046003804,-0.4842154613516505,0.0510460832511789,0.6757836728223926
0.1871523295089112,1.0,-0.095408560305116,8.644778506773747
-0.2303757130036106,-0.3291397038877546,-0.7281840734192517,0.10877958434732249
0.8604139824042789,-0.514821870561813,1.0,0.251163509668475
0.9405831812417316,-0.6745387323951806,-0.7342895666868663,2.1467920471599853
-0.0046468101057721,0.4371452092786287,1.0,2.931148138741052
-1.0,-0.3544560778600711,-0.2739885649998845,-2.5686717082621966
-1.0,-0.0408960204248944,-0.2393034647747434,-3.7893354563985464
0.3238686539112518,-0.4539868084581759,-1.0,-5.965127251453989
-1.0,0.109269635933791,-0.1637453433790312,-4.038255396802137
0.3615704750617683,-0.0354664798892132,1.0,-1.139334236398356
-1.0,-0.1351280831812997,-0.0109862716162036,-4.101433907597087
0.0505675267167142,1.0,-1.0,4.014875074594286
1.0,-0.4738134413531967,-0.2321201824374617,3.8097444959319056
-1.0,-0.8022770868560829,-0.5606559463357321,2.860455227845597
0.9942205161305336,0.0876593853069747,0.1952755855864265,5.558298161962368
-0.1733372464088456,-0.4225531075382245,-0.7030298755251931,0.1949948164267164
-0.7659180925285785,-0.0787886864437001,0.5458474522104584,-0.9266977951026891
-0.1635137610902253,-0.11197254159842,0.5860480439143598,0.053904981463947954
-0.0984395202392334,0.7393327535401213,-1.0,-3.9424274020739563
0.8302704136379018,-0.3180264240625414,-1.0,-2.136143051711266
-1.0,-0.6290928653940433,-0.7693979312096229,1.5217101085092901
-0.6448216329007286,-0.9059179854039467,-1.0,-5.788039503460267
1.0,-0.8066141619141998,-0.3193241043042893,0.8477215166934542
-0.2844770119533935,0.9463763851654676,0.2472048056771196,4.625636063669016
0.1072927782190018,0.8131935397684971,-0.1598175557999848,2.248343896142017
-0.4070063685443954,0.5375166281650452,-0.4095770064695847,-1.2014458651586588
0.0766127282587734,-1.0,0.9747873507934156,-5.884608121164302
-0.3096919418782258,0.8584708183454368,-0.8631522568361065,-0.5026503239719553
0.6454692767075454,-0.0486889713574671,-1.0,-2.2830193919491624
0.1777318798008214,0.3326656013938982,-0.2140116458239351,0.8204010596820224
0.7091646226061883,-1.0,-0.6658917761175862,-8.534345804975448
-0.7451645499437152,1.0,0.7069739667938404,4.235028255115532
1.0,-0.7260017976965418,0.5209698270304579,2.2712509678864357
0.1847700987066769,-0.0125779027786179,-1.0,-3.181249561836631
0.7293412631119798,-1.0,-0.2601501225446607,-3.599810369073961
-0.173831978587559,-0.0342967977848389,-0.3388773097403508,0.5143982317900403
-0.3356947721715553,-0.7165604361870885,0.1446527865211992,1.4941447315875083
0.440510315101646,0.2077415884104669,0.3436660705666665,1.0660583046675967
-1.0,-0.1378618081025684,0.7221223102628176,-1.6269370226989825
0.1194157672315165,0.7073079283795412,0.3263828956437533,1.3403488504657495
0.3917069722443074,-1.0,-0.5221637903017442,-2.046638403175248
-1.0,-0.3005962552236909,1.0,5.552427486302706
-0.3152633774548812,-0.5324213380809466,-0.2826883382961389,1.1895045416397547
0.0878489017466745,-1.0,0.1511197974651554,2.1092500003123327
0.1914476066199399,-0.9332350977894824,0.3501122901805393,1.16838708785483
-0.1194463613318306,1.0,-0.3305242166656583,8.678721166080878
-1.0,-0.5201039951287847,-0.0293191382478266,-1.4332845217268377
0.2059573755487036,-1.0,-1.0,-18.549254934786994
-0.8014411289451848,0.7914591199465761,-0.5498090552543238,-0.9724024885276012
-0.6050208961860091,1.0,1.0,15.977735855195546
-1.0,1.0,-0.5774074032172831,12.392810922678933
0.2127305455162336,-0.4333388912434626,-0.3405311074584993,1.422226227152772
-0.2370432669940811,1.0,0.3450468421149384,7.397014527379117
-1.0,-0.8810480655986572,-0.4848762586338457,4.065097968200512
1.0,-0.260269831875962,-0.557121092313605,5.349689383220078
1.0,0.1467608060382412,1.0,15.447988408223209
0.2861285611578383,0.6764482615882459,-0.6650348228553613,0.9041463140180048
0.570933749748884,-0.3041108706713809,-0.0189260858444904,1.4074399497723806
1.0,0.2797940242674861,1.0,18.057118399201386
0.646344399678884,0.4359670981991406,1.0,4.945675094756531
1.0,-1.0,0.8745013365687233,-6.852460224572212
-1.0,-0.6256554681222593,-0.8089797729753361,1.7732762110467037
0.768533316170859,0.3333917354288089,0.1371519978365438,2.5621094435362237
0.7786741498492,-0.1629000371824165,0.0736634174055212,2.1690237788756326
-1.0,-0.0959536550034576,-1.0,9.427729627345498
0.0653275046280976,-0.0510155692973375,0.0182294351400205,0.7960226179938563
0.4241811636835773,0.2005894078585601,0.3421406586968647,1.0340400160334442
0.5445343794530693,0.8819353574255466,0.7531329165695921,5.143985754929188
1.0,-0.1163521830531746,1.0,10.626234406312822
1.0,-0.4578074904133835,-0.5886310001910771,5.272569081052966
0.0063178429724384,0.3350236060911962,0.5188338571978532,0.4242896956618202
-1.0,-0.652808067766468,-0.2176201505462371,0.4013844532396239
-0.6758328895557737,-0.0121480495196539,0.0104275976054677,-1.1253387590572523
0.8558132259282833,1.0,-0.3103127798046732,12.272915850110877
-1.0,0.2821559648448475,-1.0,14.66344408370797
1.0,0.5604829983842934,0.4511652231372263,9.752113732771113
0.7324735488160028,-0.8328841238128857,-0.6488507982430878,-1.3838757330963123
-0.1066065447991728,0.0382508977204538,0.8432455338792955,0.06035949385082129
-1.0,-0.089767975551972,1.0,3.675381435709854
0.3347979195058246,-0.0129387479921907,1.0,-0.9928710744590781
1.0,0.3894941743284545,0.7205702464790662,11.971624092519074
-0.1316965567135624,-0.4924931847250167,-0.6660449474235863,0.3661375554958582
0.881350159939631,0.1199839187027904,-0.2088101876001402,2.9195053850125383
0.4062468992767276,-0.6587063074576467,0.4470014715409258,0.4937935616333001
-1.0,-0.3599860060812516,0.301184136489542,-2.3883782977350743
1.0,-1.0,0.2243526400095616,-7.4230872062093205
-0.0438315447360733,-0.0057520774788384,1.0,-0.08707299414250758
-0.891951124086505,-0.4746418407896844,-0.3355706999189691,0.5365525877922732
0.0329890906587728,-1.0,-1.0,-17.311487591533634
-0.053377280663464,-0.902043761454694,0.8458087142130482,-1.502065707926422
-0.623978592574739,-0.7610436563487297,-0.7119324871786892,0.6657747747324242
0.3971702714513394,0.184981665057605,0.9549671393021671,0.38638936760576414
0.0641403090589032,-1.0,-0.7906379969569055,-6.795782645547268
0.8679899862304432,0.3698865769869686,1.0,11.470045477180934
-0.266023561853143,1.0,-0.6426398633387944,7.5246455610908445
0.6547656126155093,-0.3866605874791713,0.3237348383597311,1.25084041447914
-0.4572572839052227,-1.0,0.9442727713370972,-2.3968405895116836
-0.9003777575986021,0.0678596749170319,0.6753182341735446,-1.8242883482066539
1.0,0.546598912024296,0.7950217807663031,15.081671494692563
0.759033384986562,-0.2848034240619028,1.0,0.01348352381711504
1.0,-1.0,0.4804647957138837,-6.640305626879805
-0.0919820415939585,0.5092073632249512,-0.0848304994690725,0.11473539993988136
-1.0,-0.7004251986903245,-0.5732273646933275,1.5763348266377974
-0.6343060395507241,-0.3845922168917421,1.0,2.227290116472237
0.3457968388134671,1.0,-0.165637846583327,8.980835046321653
0.5374603348731464,-0.3885575962493175,1.0,-2.82272616592202
0.881795626708368,-0.5057155677790899,0.2594185279151317,2.208093994296842
1.0,1.0,0.929356709063794,22.77065627853353
-0.2077718383888183,-1.0,-0.9144660470961108,-10.891522128086669
-0.5466305162494438,-1.0,0.5084892332963267,3.3121613482845653
-0.3381085887390411,0.2960361863650802,1.0,2.349275693873947
-0.2792528378173284,-1.0,-0.3991998583636722,1.8263143151152454
0.5565282392173383,-1.0,0.262275452985538,-0.5566877411251518
-0.5907501840839333,-0.5580665159939895,1.0,2.0048290887298617
-0.3448152107372302,1.0,-1.0,1.8484070639482428
-0.809107586549171,-0.6128208489199425,-0.6741425986815881,1.9967496680604646
-0.5314989149730691,0.4754980766644874,0.4646180124087098,-1.2696510202681088
0.6833899953468585,0.3019762399395622,0.1328792771477966,1.9175740248614968
0.8856315520946847,1.0,0.5178100647823991,10.528074857614483
-0.4540821069007517,0.4292638988010668,-1.0,-2.225716476208383
-1.0,0.2290214656568217,0.4876230636076117,-4.524064870653886
0.3282500959640575,1.0,1.0,10.602556221008316
1.0,0.2661261461543687,1.0,17.787725101367748
-0.505972855385256,0.0512288100147202,-1.0,-0.8532332687662276
1.0,-0.8673123718031617,-0.1712021159098948,-1.1506814107335144
1.0,1.0,0.0696997908647087,13.948153905106414
-0.2182067387799755,1.0,-0.5481260870869662,8.1809297658691
-0.7757745828060179,1.0,-0.3636791751589039,4.575357837991515
-0.3093070851135344,0.308797143383958,0.1886229862612021,-0.5562947043930375
0.3754110599576257,1.0,0.1828156742879685,7.546803229872216
-1.0,0.5436312288395626,-0.2415375736196534,-1.3047356638318517
0.2007866297992935,-0.3336551951508526,1.0,-2.1195693360014642
-1.0,0.8391081970665599,1.0,12.080665495031306
-0.204196383849283,0.557108907120569,-1.0,-3.751889410235566
0.1690290262071452,-1.0,0.2484939496692249,1.5362738982515813
-0.1693324855877247,-0.3631046783424929,0.9501353437402992,-0.5139527316501209
-1.0,0.6354158200868707,-0.5021879802494722,2.256379156034562
-1.0,0.6850680940423848,0.5207346054815063,-3.6858993026625337
-1.0,-0.0075038123269319,-0.0769452016766305,-4.279389267585721
0.5096161305458624,-0.3736234111180629,0.7468182876002643,-0.07910577257921059
-1.0,-0.417736721839443,1.0,7.151499789163886
-0.1937317739005146,0.258356595228753,-0.2994854768658881,-0.01928592732480172
-0.0862130052675909,-0.8644775206173776,1.0,-3.3982395088889743
0.4549265803183737,1.0,-0.16273868948524,8.938428152615243
-0.0632734677656896,-0.836726183807853,1.0,-3.1708072239387204
-0.0448450165754312,-0.2204674957036616,-0.1056532397870697,0.8607446905503682
-0.1413582188396904,-0.953343549576553,1.0,-4.733191917760291
-1.0,-0.184956251082702,0.4569941719871351,-3.031352470383713
0.0769121570560922,-0.159955040532187,0.1472083370953618,0.7604804794502077
0.1562808026967532,-0.1570371673571067,0.497369514671419,0.47012928513171737
0.1488037530024943,0.2631076328341404,0.430058474966366,0.5793824774812192
0.9847165290260268,-0.8454529267648336,0.3749304471217785,-0.37812584198045807
-1.0,0.2533566898124684,0.2362198355191398,-4.667336841160541
-1.0,-1.0,-1.0,3.2579883901330304
0.4663493301330286,-0.9949867241323468,0.4159345666852083,-0.22897997233626366
0.0163443614821099,-0.6923020162671454,1.0,-2.4943939798469885
0.3517147096485709,-0.2942058770563185,-0.6697673336510523,1.0126344897517845
1.0,0.512036355052323,-0.2748194253220326,5.361543418480558
-0.3553677431778113,-0.7734152558361451,-0.2568283253998922,2.0770446081941465
-0.4547084659580493,-0.2133257552893652,1.0,0.8459856594372596
1.0,0.846582559022234,0.9050400720831896,21.02908426168535
-0.7434724079136894,0.397393870473276,1.0,3.9745952147396855
-0.1491510632171315,-1.0,0.9738141650681292,-5.233781866655846
1.0,-0.2886251224728455,-0.5580442950037823,5.347218525790266
-1.0,1.0,1.0,17.03316604321207
1.0,0.391415570436354,0.6256960062361816,10.544824680595866
0.049058867736266,0.7947157262316773,1.0,7.284549623763555
-0.0327390564077763,0.0313193459809748,0.3127431182132751,0.33037885292336605
-0.2956813199348587,-0.3056917508033896,0.8249669219379383,-0.0055006218107997995
-1.0,0.2786371294669927,-0.3116157456439525,-2.8067607191898665
0.3340122215103664,0.5178157811358017,0.6553426236709161,1.404534993207966
-0.3850685431045981,-0.8296352598240664,-0.5987448099086294,0.5813721689586452
1.0,0.0449438494495815,0.6970741888915146,8.750694406396132
0.2528044393857076,-1.0,-0.6570983895526348,-3.6817517721682997
1.0,0.2107554341753494,-0.6975931844643,6.100486824158985
-1.0,-0.6824628786588096,-1.0,4.5954160876281955
-0.7030314247675042,-0.3503062702851072,1.0,2.8755724753335516
0.5838404500204664,-0.7768525899154717,0.2403583236777591,0.6966540855084679
-0.0771323530745031,-1.0,-1.0,-16.55599057847209
1.0,0.5075512997661278,0.862909769875007,16.608225868660192
0.2457262704512437,0.2626818370810317,0.2697802257179436,0.7882139636531278
-1.0,-0.5107901679923779,0.2293236998086587,-1.0583016249742678
-1.0,-1.0,-0.0483233615249085,7.614487242305733
-0.1848566133751914,0.4079180567036282,-1.0,-3.2582869037975435
0.2164993014690241,0.2457753806595086,-0.9283708306329246,-1.1704869821987676
1.0,0.851176596701994,0.3904746533174541,11.131491809439177
1.0,-0.2811372110919607,-0.1534601831288684,4.116494670703079
0.4173931505333974,0.3320719321925502,-0.2068069940832477,1.1477099219771392
-1.0,0.1590907385483471,1.0,2.872148005356978
-0.235897107105522,0.9578107333641116,0.1614867564164512,5.248426159954235
-0.0219064933633319,-0.1856477066146691,1.0,-0.8216115619057969
0.7633538746111959,-1.0,-0.3931275166188956,-5.226087663581827
0.718087445679912,0.2459631319234139,1.0,4.387483408040646
-0.2580287577469549,0.1898861796890942,-1.0,-2.5880404907497856
1.0,0.8070219436549153,-0.2697860333129394,8.330036023800982
0.2766944452830784,0.0022348707510564,0.0970301480721764,1.0330936636830412
-0.5946074592257216,0.5691078633518416,-0.2765180858832925,-1.9950558082824816
0.1559929752062381,-1.0,-0.0077094941478168,2.081502398276874
0.1327376516533869,-1.0,1.0,-6.749804207323832
1.0,0.3422201955625539,0.4202615779466079,8.152298699081589
1.0,0.3022058187038823,0.5618685746957259,9.14689452616774
-0.7382495350300391,0.406677409171595,-0.8971894202293074,0.940311567042017
0.1616923722717214,1.0,0.4288873862007343,7.790655141972431
0.5059390892275055,0.5622483155655555,-0.9163071780750872,-0.8134101096960409
-0.6885264260672335,-1.0,-0.3846908141799985,3.971854418590149
-0.1155241306487038,-0.1244520851207418,-0.1288782103148185,0.6470294148553176
-1.0,0.4966613980899765,0.1169722447698489,-3.661150978865949
0.1494644380118823,0.9902373205198812,0.4039566832868597,7.289662921589512
0.6988995661687112,-0.4261798868037565,0.6978688178786343,0.9721220061953553
-0.0439291712076501,-0.743209976237148,-0.0810998734074042,1.7902310472419276
-0.4778872778529159,0.3533502303113482,0.2271870675207952,-1.2472246691704927
-0.3385750817404178,1.0,0.3460353060941248,6.937979892015544
-1.0,-0.7133577008453398,1.0,13.527301506786184
0.054715283151546,1.0,0.7939776555648728,9.603544560516033
1.0,-0.6418733373678065,0.5056682225839626,3.1940031452969033
0.8502189058684204,0.3815291666573415,0.5552299372495249,5.124227555828147
1.0,-0.8395193569319175,-0.4559988886496087,0.023158245907937358
0.7771638487737247,0.0332151366699378,-1.0,-0.11686210004180464
1.0,-1.0,-0.7262964467836575,-14.789871143087673
-0.3669251965283042,1.0,-0.3794767692457594,7.092454509101561
1.0,1.0,0.6358540936443484,15.740753664541415
1.0,1.0,-1.0,38.54062197297984
0.1852774531332219,1.0,0.4725093802065387,7.826200741778072
-0.344509682728862,0.6341315026896199,-0.0349388437373896,-0.6440617513972604
-1.0,0.6710286294848409,0.8453182609558574,-0.17475255671145673
0.0183732172608344,0.2844954923287857,-0.7367398013505069,0.05293149538330033
0.5160359644019505,0.0279057415452126,-0.0104295504534637,1.4158742114172984
-0.9998146889796816,0.5359541343618783,0.3839613317130168,-4.291609759290111
1.0,0.6422129803803154,0.0075957434916194,7.2797082553338015
-1.0,-0.9356085304641536,-0.9960943541368724,3.786978057001603
-0.1644650384732833,-0.47015798104898,0.4353479842651768,0.41369227784817075
-0.1958591535444447,0.2261950080947952,-0.0141903115146873,-0.06962164702208362
0.3923592958129087,0.9331456237709884,-0.3603731830952497,6.242097252465095
-0.5603707381779535,1.0,-0.2985164470566097,5.522654521829766
0.1730059755711785,1.0,0.6140486411475945,8.266555312198996
0.0686502539949869,-1.0,-0.4560102808448771,0.3028135695236742
0.1457142844713566,-0.3272485026118579,-0.5305557399066203,1.1814041835969316
1.0,0.4035621493268611,1.0,20.45915466672029
1.0,0.6883254642817143,0.7278534814120001,14.631387256034262
-0.8155938131268312,0.0906618925173725,0.6081834826688473,-1.612527787258764
-1.0,-0.1459296847653739,-0.2456125758388516,-3.5872461307569776
-1.0,-0.2599531884083041,-0.4042456010936679,-2.557214328890578
-0.9890696093688174,1.0,1.0,16.87546228213752
-1.0,-0.63146912813807,0.321235673871538,1.1867517566053387
-1.0,0.1441787133439305,-0.167975806762644,-3.9731553448230215
0.5390263498990977,-0.9944984837883548,0.1307426848058039,-0.1937005447528174
0.1228760282544363,-0.7759303730576783,1.0,-3.4526038221788897
-1.0,-0.5124435974875092,-0.5256029612199871,-0.458912309373003
0.5980040663739064,0.9938339882151616,1.0,10.625635703485946
-0.3559331890794417,0.0778209828317488,1.0,1.132665600855316
-0.149917433728107,-0.8260861616365853,0.164956198419673,1.886252016388816
0.4379409777252518,-0.9148575536831268,-0.6014512510430678,-1.1879020650736427
-1.0,-0.8950921383811623,-0.9429448839031838,3.4632766255882106
0.0689550878139027,-0.1114964675346996,0.2724677572787588,0.6034309582000941
-0.1980424476586262,-0.2659372884679758,-1.0,-3.5623923964964503
-1.0,-0.8197473130296673,0.0728949741149336,3.9144656634222685
0.7446557689821693,-0.5381013714351801,0.4805129384396784,1.2877182981772202
1.0,-0.1446216911785178,1.0,10.14591593342862
-0.668311972050738,-0.5956745345538748,-0.7075782534249004,1.0846091250475967
0.6264566988572211,0.724560030653534,0.9990918118708751,7.436457555726179
0.4728624638837717,1.0,0.4117148483130151,7.164380902627697
0.0976991119414476,-0.5993249385464099,0.9033556261180792,-1.3578605653788522
-0.0466493840150594,-1.0,0.6315530894383805,-0.013740414343492269
0.9283437712708906,-0.7293246996601468,-1.0,-7.377942526738792
-1.0,-0.0029959691258545,0.8639869449120967,-0.575381197636228
1.0,-0.9760332629471472,1.0,-7.706700399268984
0.462523101800689,-0.4248384379944043,-0.1666153947147965,1.4128831119197185
0.3058471807194922,0.2687663965714915,-1.0,-2.752584101154896
-0.1530793831553409,-0.8613906622508225,1.0,-3.027105688980551
-1.0,-1.0,-1.0,3.2579883901330304
0.239057165719678,-0.7830317348196736,0.1630311403135251,1.334612587483599
0.4673754591112018,-0.3747958366108552,0.1050191620928302,1.162874374461102
-0.3807016758717085,-0.6651212820146324,1.0,-0.10309020927843804
0.5117755408852376,-0.0264614040163628,-0.6450638322173377,1.2823608890993656
-0.7949644166910277,-0.708182590090696,1.0,6.2233899735356175
-1.0,0.5346121251153684,0.5305691334931211,-4.415660846182396
-0.9268115223818074,1.0,-0.5385129746832389,7.62813602320991
0.6105971568569895,-0.3588533609446172,0.3748297534124225,1.1246607395584138
0.8990035496752864,-0.7482204696060761,-0.6438960087047652,0.8098387359089334
0.7747276424896812,-1.0,-1.0,-26.86644985859396
-1.0,-1.0,-0.1236527866182668,7.1920864946334095
0.7608857145235197,0.3978212100090981,1.0,7.419568854498381
-0.6862264414511525,-0.6072182320896553,0.3530082016392659,1.2863145403479388
0.2590854956212265,0.9253558994918718,0.965607632362951,8.240633528120984
0.5028334043533444,-1.0,0.5675302408574043,-0.9694888567483231
-0.6424962596107269,-1.0,1.0,0.10485940090531964
-0.0267379108195298,0.4795300520303613,0.8140653973193446,1.573878776130646
-0.9597212694569046,0.6789379754307472,0.8031253955727442,-1.0230026308596027
-0.855323205611495,0.7746337098732281,0.6280844904518241,-2.0401875189762726
0.0576289937021747,0.2397434319516402,0.7796402945757512,0.502419560821475
-1.0,-0.277973803251482,-0.8877660247305952,3.2629644362270107
-0.3742581321868756,0.0468292439936033,-0.6717881591554224,-0.14172730322288496
-0.0783359032718877,-0.2815164136891748,0.8984407522927844,-0.48171933641574194
-0.547111386941084,-1.0,-0.4024163115651844,2.846223176080154
-0.9731069152753522,-0.0631871499063787,-0.0441656955314555,-3.6001361061654404
-1.0,-0.921187149204246,0.3148588507322973,8.205136555269975
1.0,-0.1947807343307601,0.0773828401768246,4.42890868044425
-0.979261201810696,0.4352177146770355,-1.0,15.160220633230114
-0.2611608027784808,-0.7034803730306409,-1.0,-7.0217560003927915
0.5557434125456171,0.4066337863650746,0.9864723701358517,3.1794977466533503
0.6973707603164176,0.9107298058504532,1.0,10.687183739143174
-0.0512299058110172,-0.7325430599477036,-0.1453554127215195,1.7983044310215155
-0.3132728933749678,-0.4603706617611673,0.1087319564104505,0.6435680106975246
0.1386517593120415,-0.3570943107843187,0.2325279714726433,0.7965387077577187
1.0,-0.3849862994299977,-1.0,3.6474944140801986
0.8008987475998837,-1.0,0.0998508113923417,-3.634487603481236
-0.8863899583090284,0.4274134795336879,1.0,4.338015765138273
-0.8691519612255789,-0.6408888799873502,-0.9961551147302126,2.7973049076415566
-0.4314993824661997,-0.6968726268589349,0.0882739258514173,1.5444537935722864
0.4737963944699155,-0.4066072787702623,-0.2742024779787435,1.4801607093434481
0.7914715667913952,1.0,-0.6741747027519078,15.215063204149907
-0.3869296389265892,0.8019695679529364,0.3291570035767148,0.7801928798572222
1.0,0.3929246390112764,0.4793009214517694,8.954732125960662
0.4667957387665544,0.0137196841747901,-0.1473176673989538,1.404614826770156
-0.1920332373628341,-0.6672188386893418,-0.1855818784112159,1.5835405238339102
1.0,-0.087716632434512,-0.1004901411592609,4.460610345666812
0.0158595257252296,-0.7186250216646988,1.0,-2.6257380308101372
-0.9165201373041528,-0.2946629535438987,-0.8016175968537089,1.9394196151260585
0.1120526194324056,0.9051224523920044,-1.0,-0.893786991469854
0.1692704088941192,1.0,-0.635894508086901,10.516987027697983
-1.0,-0.8103590466389983,0.3730772488975931,5.532826542289934
-0.2967293207369483,-1.0,-1.0,-14.675015250886757
-0.380498615903162,0.3590709097452607,-1.0,-2.4509043239047927
0.7226938382858501,-0.3522831015936947,-0.291491550402249,1.735966973830668
-0.030483372021389,-1.0,-1.0,-16.88135561638198
-1.0,-1.0,0.2193498196787795,9.674227803538107
-0.4471569782430749,-0.2968356796952129,-0.8430178506167916,-0.37372769019419616
-0.2949565902665088,0.7279995539793678,0.7013305659557945,2.153229690747769
0.2236633565375976,1.0,0.0807716752732059,8.012736765850732
-0.2799305239639766,-1.0,-0.3366867778466338,2.363608261931183
0.3274764177666376,-0.7204650302865536,0.7825502734648193,-0.8419790932530926
0.9020639638800514,0.2558152994638292,-1.0,4.767023050619562
1.0,-0.017162361116789,1.0,12.371908968756397
-0.6113311272223827,0.5975906436973006,0.2762312530582438,-1.9719395317701363
-0.0534213361740929,-0.3081797529179735,0.7785023628230194,-0.15975444357768065
-0.6568923886841043,1.0,-0.5535189068825253,4.008413384714807
0.8336857665593014,0.7993226401896087,0.0665747817719082,4.470043837255005
-0.9677231670810412,-0.4462193342967924,0.0828802044740477,-1.3939693349870192
-0.2067266059501782,-0.547746472424802,-0.6322421160945477,0.47911550218859345
-0.5748875815577088,-0.3881607948770675,0.8469707175868291,0.8368304543443412
-0.8887178395183581,0.3478712310819218,0.6941953742469138,-2.5468622115216637
0.8772296989729036,-0.2931740505747529,-0.0166192518013363,2.6177166985452374
-1.0,-0.3234611716183211,0.3570055551021767,-2.480468940138296
-1.0,-1.0,1.0,21.581099305678354
0.7840416732639179,0.5890806169010214,-1.0,1.4008133336625468
0.1504445027632737,-0.6229451453493053,0.8099766213633743,-0.7438765518022343
-0.0515502897377306,-1.0,-0.1905098718369797,2.5330587799794415
-0.2588260964807898,0.6678823878902991,-0.1067658095931898,-0.17649874872994042
-0.0895700301606805,-0.1013305201734668,0.2812855161722198,0.3288122089100575
0.0098969940822928,0.4842112186284928,1.0,3.379966108822325
-0.8889876433234283,-0.7204875343915911,0.1392798916756363,2.6756765733569257
1.0,-0.6606803255898284,0.293350059701529,2.4028098481818487
-0.3946530191028472,0.3929995730233651,-0.4943641209410392,-0.9674704522371669
0.3301430868735884,-0.5131636141132729,0.5902291955438677,0.21138938177694494
1.0,0.0706472063243923,0.346670769909789,6.289928788857869
-1.0,0.7451924404004313,0.9042902832607408,3.1778420247745918
-0.7986795177650687,0.2428192899559316,-1.0,4.874370323646314
0.4835912911705922,-1.0,-0.9799912722759752,-19.79524402213894
0.6242371511008491,-1.0,1.0,-6.852936165341957
1.0,0.4441043931458088,0.4640588930010101,9.143625945981698
0.5663804918639324,-0.694794057014297,-1.0,-9.352677315786185
0.0433081339210494,0.0648300027186525,-1.0,-3.025137541335963
-0.2682568662481197,0.0638018772977948,1.0,0.826806125034049
-0.6956010461263544,-0.5882383549222345,-1.0,-0.5611180692245643
0.4672484938731693,-0.6304401610169663,-0.3841702440649486,1.4763663916315266
-0.1910888961739254,0.0561785683669142,1.0,0.5870372278567692
-1.0,0.5501185763294134,0.4870737088503314,-4.375810029385974
1.0,1.0,-0.4819360225883771,19.812776597479
-1.0,1.0,-0.4137185423333991,11.5839607978991
0.6326096525052995,-0.6594282712824486,-0.7133578457450802,0.013180869469965995
-0.8261945477972341,-0.7706875499631198,1.0,7.645444776138156
-0.5622691172988397,-0.3852543579408394,1.0,1.5621826666137522
1.0,1.0,-0.5785869756894513,22.089477843677663
0.0943998903352694,0.7155888599705129,-0.6982578021549779,0.6316110637609161
-1.0,1.0,0.2175343549222219,5.208360304672757
1.0,-0.6305893984286501,-1.0,-1.2913419896117562
-1.0,0.6236817527295444,0.497136004671161,-4.058537972603476
0.7097657795669232,-1.0,-0.3424531037610583,-3.8443266949065458
1.0,-1.0,0.9611994320236286,-8.26175801383623
-1.0,1.0,-0.9389426396952864,18.286526488102062
0.6345053636797893,0.7912192615084495,-0.0907829576872862,2.5324813266236714
-0.1163392899404527,0.2227741188467122,1.0,1.3560812037254348
0.2013881745684509,1.0,-0.2429280975328724,9.299166123065321
0.2022370242305622,-0.2378641140506492,0.6913153148126876,0.06289115660930389
1.0,0.4129135874662111,-0.3512806756671782,4.862198106695219
1.0,-0.673593292452852,-1.0,-2.565821345908071
-0.4563265129847003,-0.5310700562152924,0.1305281184302962,0.7629050073097751
-0.87533690493467,0.9952714497594056,-1.0,7.905585937083405
0.6878329745187348,0.7112652654330827,-0.4188275274272639,1.8932271863535304
1.0,0.6924814279078133,-0.2164481796072641,6.739227876550602
-0.4125211312828452,-0.3490025701671926,-0.7548179931770873,0.03340578604919853
-0.5385228031567875,1.0,-0.4267174656797208,5.46380183851581
-0.5331336352514544,-0.3678149571089866,-0.9252679939993476,-0.7518871625342229
-0.1534858059633084,1.0,0.0904812165202522,7.702680095008292
0.6550845484138228,-1.0,-0.1973038419820147,-2.120565551753407
0.9118818849553708,-0.3553790787292781,-0.3298329746224024,2.9822401509407483
0.2352492155752985,-1.0,1.0,-6.858230294291985
-0.1046551135327564,0.565028055762471,0.2356334618078153,0.23951065009298494
0.1396871591608237,1.0,-0.5717240568355779,10.342325839318928
0.974872234547874,-0.3008151406819055,0.7401403793525065,6.015543160586171
-0.2732771011248693,-0.2609720250416905,0.092259076606727,0.3437764420264051
-0.262008103601091,-1.0,-0.3239499831680676,2.408066701762002
-0.279935212997761,-1.0,1.0,-5.279878998308218
-1.0,1.0,-0.700573632606746,13.214749251715727
-1.0,0.8070290727537806,1.0,11.183793334974602
0.5070528560451619,-0.0040288372957111,1.0,-0.6697725330827922
-1.0,0.5661618363906675,0.4906053890590225,-4.318819591119446
1.0,0.833996368103542,-0.90180154308319,18.527629164046807
-0.6469386795719498,0.8651951831588856,-0.6780039609910631,-1.0008582605935836
0.5403008722400378,-1.0,0.1247760355302982,-0.28637158277316066
-0.246021421930064,1.0,-0.7557698536885784,7.1003307829831
1.0,-0.4299326143213648,-0.0249762092495207,3.6279515419996597
-0.3840605609605376,0.9418121846802056,-0.1500121885798433,3.9169008879600944
-0.9285738295410346,-1.0,-0.2713135885824018,6.486808826244786
-0.7765986464837877,-1.0,0.6094352638035521,6.41189405867615
0.436150863294281,0.9584792992910276,-0.1702512639147186,6.689433748590737
-1.0,0.4896621913038317,-0.3711366474744408,-0.8266474372640593
0.6922959526658956,-1.0,0.1155493442849417,-1.9601221405244345
-0.384744803694613,-0.0433146896572613,-0.2927763805152865,0.06025600477490467
-0.3767974830262395,-0.718295823279389,-0.1070198357352758,1.819775709456313
0.1871829481753906,-1.0,1.0,-6.817572124853308
0.92574638137804,-0.3929361874237713,-0.4748265020729247,3.39432644234947
-0.6065869766261869,-0.0221475852672861,1.0,1.8522573706451053
-1.0,0.3170499917964413,-1.0,15.172534734662676
-0.534666851452086,-0.2828788206310864,0.3867920579971544,-0.108606890706059
-0.4030452532203619,0.5744781238919874,1.0,5.3717673874431835
-0.7552515421727339,-1.0,0.4815642307317298,6.106769335545872
0.0289299488487564,0.8538474690413542,-0.3805426015387594,2.982579207525355
-0.5380982906458618,1.0,-0.1689945854887991,5.766118577145349
-0.0213632481388461,-0.1375913322994388,0.3750926703199717,0.3882763959623821
0.3962532951842858,-0.3799362430230857,0.7046943886573378,-0.0472156980993752
0.4206039393138052,0.4265833320048016,1.0,2.607685939474305
0.4072857822413271,0.4466430001035273,0.9034426271181616,2.0087595014511823
1.0,1.0,0.2289020867413183,13.597042480572375
-1.0,-0.5953604454177466,-0.243258692154866,-0.3552404295466638
-0.8378755512980411,-0.4380370413881724,-0.9124306543829795,2.5048072415787503
-0.053155959408927,0.7269742476158096,1.0,6.626603880461779
-0.7114389139427579,0.291994600996313,0.1871133294641755,-2.270063390460112
0.8276883573036258,0.3577691439799881,0.6989475178228648,5.393640202804166
-0.2789933096558046,1.0,-0.3461808778469353,7.764037579945494
-0.7396056702335365,0.1351411838918486,0.9887040634076696,2.452548527026363
0.5637931045891347,0.1001102857883438,0.1566919308053429,1.443531236151326
0.1139034461730357,0.0081539493227187,-0.1080418946401886,0.9327899329930528
0.0734992806129055,0.6379596509400001,0.8362911762034606,2.850322507812041
-1.0,-0.3145176889277603,0.0688350812861904,-3.2341917010315524
-1.0,-0.2070521114394039,-0.5512989735432794,-1.791796281393709
-0.1731088317983087,0.0823697737237891,-0.0177047144626114,0.1697455220319007
-0.0961079479430686,1.0,0.1301630825890776,7.78349108330721
0.0574198037501987,-0.1573091771228394,0.1998847088061031,0.6766516721598632
-0.0621136316753456,0.0598122106390819,-0.2582468756147908,0.5985550258648178
-0.2646716415413164,1.0,0.3002452460931184,7.255031033323563
0.1937457891414538,0.1101590407000281,-1.0,-2.9278768616999433
-0.6721064542420812,-0.4274941858300183,0.0288755883931186,0.3987762846077937
0.1432762589261369,0.2943582108328715,-0.6494737193054185,0.5345584107099847
0.5172016394584569,0.8110112236010663,1.0,7.012851492370954
0.3978548081918358,-0.3957690365077422,-0.829277821809562,-0.5182102785976104
0.1528071416451566,1.0,-1.0,4.4504020186200055
-0.0804822070360118,-0.7270952461463207,-1.0,-8.19673500990152
-0.736179329309397,0.0475359100288854,-1.0,2.9711828668198472
-1.0,-0.519637616384319,-1.0,5.353465052418091
-0.223380595242171,-0.6438327688634078,0.9553833427154812,-0.7370828840207222
0.1029884215710179,-0.2490287611754178,-0.1432014452135515,1.1295774183583842
0.2290918117357774,0.2279921141290102,0.1283292799782911,0.8441654205744374
-0.2107547650386372,-0.2496522551187483,-0.1651173739422216,0.6801682103387695
-0.5623705535462973,0.1908137029208019,-0.1921968837991152,-1.1318292313491398
0.0093027134643697,-0.2659216236230621,0.282725799784042,0.5747221368458056
-0.4296654493186511,-1.0,0.2605664539865679,3.577889818049564
0.6393448920266023,-1.0,-0.6396009675216057,-6.816253397744145
0.4513799715692412,-1.0,-0.2231659727360384,0.036534084581873016
1.0,0.7157479418273607,0.5719123114082807,12.070777196639375
0.505850507002094,0.7479980274836058,1.0,6.263290894973798
-0.0781841071787334,-0.5525325595507531,0.1705486822424671,0.8948903934663266
1.0,0.2258546695624128,0.1820738046815442,6.1600835043609035
-0.7692880933381598,-1.0,-0.4478255350939739,4.276451816549318
-0.767525806977329,0.4994900317710316,0.67169656577833,-1.8938329861809122
-0.3545463884534814,-0.8382289491752637,-0.1076697831502813,2.522890990812492
-0.0095604286744026,-0.3769694029736536,-1.0,-4.773527655163351
0.1789895221189081,-0.0115909926556641,0.1319883488155973,0.8642146157630748
0.1046719376015081,-0.936950303678744,0.0984102116443845,2.1066400774391734
0.3495748611975873,-0.0584764695884576,0.5969243920068528,0.5170874132315108
1.0,-0.2690911172027703,-1.0,5.33968286533791
1.0,0.1786243941427283,-0.1744032119743777,4.79332729323324
0.0096933674334791,1.0,-0.1368729051166983,8.586564739511523
-1.0,0.4198935764516356,0.4058621904018813,-4.634653935781502
-0.6526717377535545,-0.4147829556603843,-0.8054172598491522,0.6648682121916839
0.8184274042045367,0.5115788909831276,0.6734124294842612,5.683924590048475
0.7709910964899966,0.0457863343076714,0.5815053516483542,2.8744578283772078
-0.7886850934415632,1.0,-0.8042053603380492,3.0700658947480606
0.4284526407899558,-0.8451491642089703,0.824178554396497,-1.519226278479791
-1.0,0.1580200605368882,0.6470039972185122,-3.748031508643986
-0.5993858605040769,-0.1632151756434434,0.9396268298576108,1.099935392892287
1.0,0.7361622803149659,1.0,25.265339817995923
-0.1232446402366764,-0.808067765713393,-1.0,-9.508871426488577
0.3097455855029989,-0.9881988185125874,0.0822031807459484,1.3893359174829039
0.6141127812721008,-0.283632415783821,-0.7368990013619061,0.9989320116842739
0.7239032214031498,-0.4659571984794852,-0.5873907802662968,1.5480691639293713
1.0,-0.3491336338923694,-0.1617535761144908,3.98633905349277
0.0577087766226545,0.9795995922374228,-0.1064021254612435,7.363265023006647
-0.3766500965283286,0.3861466512254536,0.4990876987086428,-0.5443540865368892
-0.7570294218492872,1.0,0.9379261785488744,11.54174501863957
-1.0,1.0,1.0,17.03316604321207
0.4439036034279593,-0.1480709932866024,1.0,-1.7559034624425953
-0.3700415557237977,-0.918100592477132,0.5011773601115785,1.926394603324357
0.161683776416976,-0.5026561326189629,0.1029036858442158,1.0423893719705268
1.0,0.2401868570735479,-0.7718239507879094,7.004791258570753
0.0222024742341602,-1.0,-0.6164272388666496,-2.0645195963786427
1.0,0.7933345260990761,0.4698866503618046,11.345962498125091
0.0544446686418134,-0.4761823388951185,-0.3459796071538559,1.3355061177249394
-0.6074071477865861,1.0,-0.5568995645083827,4.345087845929108
-0.8131600366777827,0.1561059812900249,1.0,3.032187907688033
1.0,-0.5928021590906265,0.1265718765769261,2.786098655998298
-0.0861577992277515,-1.0,1.0,-6.2192605545249435
0.8183854781560664,1.0,0.5626390762149001,9.30645066890963
0.764438901567565,1.0,0.3270992721318095,7.947753613903879
-1.0,1.0,-0.2888355286967059,10.790275549767237
1.0,1.0,0.2838102931619439,13.598697650586079
1.0,-1.0,-0.5457989721039191,-11.377085235373954
0.7401365631387709,-1.0,-0.549716523702942,-6.783073931010808
-1.0,-0.9270631248674724,0.318654026273621,8.416447286235943
0.9641335402630477,0.0797269427148434,0.7658441136601029,8.46912769532447
-1.0,0.1249758570145331,-0.8892214130706226,6.416688602347339
-1.0,-0.0803358121598514,0.14785855448907,-4.271670026252114
0.1406582056280361,-1.0,0.4429707978380408,0.7977732395918571
-1.0,-0.4806262933418099,-0.7671469446987114,0.871849486866758
-0.0507936942031983,-0.2946936308962853,0.5019820811314475,0.29797634389738786
-0.6858109548604872,0.7665712867646628,-0.0853999744208184,-1.6713451843764409
-1.0,-0.719465497131712,-0.0848292386198823,1.4752817822371977
-1.0,-0.4009620994811731,-0.064257550383096,-2.60285043459556
-0.353377514975816,-0.3350938339095963,1.0,0.20783468975442332
-0.3971676037386815,-0.3030278481991117,0.193043594236578,0.14727976255633107
0.1047677765954779,-0.3266330947503784,-0.2787534670948222,1.2638787519597674
-0.8592129250576055,0.3159783700042549,-0.9022720897177,4.021804461948712
0.660657179669325,0.3996523225379351,-0.4173838031305876,1.2095979486807165
0.6585780640575558,-0.4038531455370022,-0.9810043186290178,-4.322803996512626
-1.0,-0.264675824125024,-1.0,7.500583871863885
-0.973042012064361,-0.1984062302070719,-0.3803315088124954,-2.1847194825050984
1.0,0.4866721937482285,0.0191264060764837,6.504782609917257
0.1877682306235679,0.8680251395906204,0.1392925281005355,3.1494279345345633
-0.6702368895726092,0.8507549304833153,0.2939731817396342,-0.5120072508807916
0.7246651665501675,1.0,-0.7530411824768597,14.50289222379407
0.92993087292655,-1.0,-0.1223413357707725,-6.824251367922638
-0.5766056128588373,-0.8143701974617861,-0.3651080192491498,2.5779264144344665
0.3601033314741528,0.0450881214139806,0.4114890931812442,0.8457775316648273
0.955072629231008,0.3217300795053037,1.0,15.745789881046587
0.8516165146321417,1.0,-0.7831458124440562,18.827386468064095
-0.0347732503757947,-0.8263086778781912,0.1155212726444281,1.8621897597364092
-0.9157857480247034,1.0,0.2608453272969167,3.18559789878892
-1.0,1.0,0.3930821901793206,2.9483656103194065
-0.8378993505982171,-0.3362150203879708,-1.0,3.9865530165543106
1.0,-0.3588504740928431,0.1894644305093249,4.058760432408139
0.1578528098918743,-0.1284482274799725,0.7715383349789973,-0.11254394008400781
-1.0,0.7659910183900145,-0.5762388206920672,5.288005186817289
-0.616186742130461,1.0,0.3096199466568636,4.630661105315076
0.9565232736730258,-1.0,0.3803016547971867,-5.981174711991828
-0.0958004668803607,-1.0,-0.0041770536440728,2.926995630081905
0.2807835759865142,-1.0,-0.3681277906255069,0.3239341151689345
0.7156188274183735,0.9433834154979924,1.0,11.538973748605358
1.0,0.8070842044561022,-0.0387291698748646,8.665288445673173
0.4222733564156236,1.0,-0.1094108121392682,8.655766157323166
0.3008769360334922,-0.9426567185972724,-1.0,-15.786053503707658
-0.1086773762108372,-0.1489747632398645,0.6789733985708313,0.038007400848709794
1.0,-1.0,0.6473051994762025,-6.168574971195699
0.4880453360864039,0.3222698486805828,-0.9959800519598712,-2.1900914931113165
0.0699208914788624,-0.4165634363808017,0.0361745099548032,1.016263064045263
-0.2993950987009204,0.7767600690102732,1.0,8.463301244638412
-0.2312755377898798,0.9006894372213121,1.0,11.111589852176321
-1.0,-0.0863607969884183,-0.2919294197409461,-3.529020483286233
-0.4362575250943639,-0.3876681180789156,0.6165293634030227,0.21376558176132943
-0.6843039565206193,0.4457404415520238,-0.3167419281295416,-2.1208805234138746
0.2283532792461544,-0.3222486176062178,1.0,-2.1781795251366076
-1.0,-0.1999298700445857,0.5551706503192515,-2.4357218902565316
-0.888378525323706,1.0,0.209903254094051,3.3959911254265913
0.476957922848334,1.0,0.7905858948147364,8.386696784217804
0.3420336747869221,0.68837649843535,0.6820861926556465,2.3140616973208585
0.5859123240757984,0.9061753094179696,-0.96748000438736,3.3926061534686704
-0.4412668652865714,0.3278468622428203,-1.0,-1.9388469158916792
-0.6992334995075775,0.5413878020669145,1.0,5.384953774621433
0.1100214833237414,-0.3042758463789785,-0.7853279506860191,0.012059423957049176
0.4501966433572308,0.1986869452668203,-1.0,-2.4230921067270725
1.0,-0.3397959212453403,-1.0,4.337378709000799
1.0,1.0,-0.3664724788695344,17.74586475040526
0.6026505086940779,-0.444072907016787,0.4969145222639246,0.846233376130356
-0.6241132543753827,-0.8753797226823565,-0.3941945801478099,3.0130003619287224
0.0798401811659752,1.0,-1.0,4.139046009288899
0.1029930024483667,-0.4166533851814316,-1.0,-5.298121845416887
-0.1218175761158555,1.0,-1.0,3.210176575855869
0.7203633345823803,0.1271089262589291,0.885468118125486,2.771309437313298
-0.4213317535040741,1.0,0.4717839051337784,6.6124445661562525
0.1406444158079896,-0.4428033876209403,-0.4730110247971408,1.2810576405196574
0.072443967947323,0.8970304097572752,-1.0,-1.266993953777512
1.0,-1.0,-0.5456596733164856,-11.37523521698173
1.0,0.1572678233143143,0.4927629226259611,7.635351744323229
0.0579867433547569,-0.1337195738821219,0.2968791558345873,0.5725008730345662
-0.6691492657058415,0.7145234956650843,0.4830820414939778,-1.578475965632013
1.0,1.0,-0.1581694151589741,15.323271137687025
0.3550190601949647,0.0230796087190754,-0.4343916478316751,1.3080168690326053
0.5804752137284039,-0.323855972843857,-0.6140800737757723,1.342098659640421
-0.559763198104442,1.0,0.1810001676150572,5.2975602176102345
0.5931717212406589,-0.2097657754766848,0.2275056712708838,1.3606177092960903
-0.7410890342211356,-1.0,-1.0,-5.598886564041493
-0.817702837676269,0.4750151514485301,-1.0,5.461268130778635
-0.538366950590113,0.2661004466284986,-0.4772463745714317,-1.0609184875137727
